New waypoints for anti-collision ,
,
1,"59.426883, 10.470271"
2,"59.427039, 10.470378"
3,"59.427353, 10.46878"
4,"59.427189, 10.468619"
